Time_s,C3_Left_V,C3_Right_V,C4_Left_V,C4_Right_V
-0.5,1.9469449170179483e-06,-7.393376184937201e-07,1.7952881976427265e-06,-5.411569902420773e-07
-0.496,1.1599825856602829e-06,-3.4270388731948297e-07,3.2552873332985754e-07,5.691199076172817e-08
-0.492,8.016205626272177e-08,-3.719639028910301e-08,-1.254584568872351e-06,3.401710302044986e-07
-0.488,-9.033070437363726e-07,8.961337641998814e-08,-2.5476775251418144e-06,1.1794871808339951e-07
-0.484,-1.4436449437862364e-06,5.2139014645021405e-08,-3.2556233770402813e-06,-5.565743508650577e-07
-0.48,-1.3488253111844327e-06,-6.618054423581742e-08,-3.252628808673217e-06,-1.4084841298258612e-06
-0.476,-6.357010431426401e-07,-1.7309920750997883e-07,-2.5921324487652194e-06,-2.0686000937642594e-06
-0.472,4.7437097504376955e-07,-2.135762945407259e-07,-1.4781288949054353e-06,-2.2428866391452006e-06
-0.468,1.6125212948992347e-06,-1.7332150025923891e-07,-2.2320955836909226e-07,-1.8369782621300804e-06
-0.464,2.361910992843922e-06,-5.240546823252105e-08,8.056954266344801e-07,-9.796694199773638e-07
-0.46,2.38967763674367e-06,1.577221218929372e-07,1.2701263097010368e-06,5.4263335249973966e-08
-0.456,1.5796033115854403e-06,4.658684680640514e-07,9.776111184853243e-07,9.714910080507527e-07
-0.452,1.1358306716353878e-07,8.438260993505309e-07,-3.397132752372232e-09,1.570716128271276e-06
-0.448,-1.5464700830688461e-06,1.1902131858388749e-06,-1.295386511448705e-06,1.786899245039954e-06
-0.444,-2.8022020690369465e-06,1.341978989913772e-06,-2.297910531080824e-06,1.6735164413263633e-06
-0.44,-3.1552598552616987e-06,1.141274352732881e-06,-2.4194274757192914e-06,1.3440630739192018e-06
-0.436,-2.444113041949901e-06,5.324610170552172e-07,-1.3766521327766268e-06,9.209058431955746e-07
-0.432,-9.572936408402289e-07,-3.7132147774579925e-07,5.927709819081763e-07,5.103496753158593e-07
-0.428,6.584492182839816e-07,-1.3033088574660927e-06,2.7499662481088716e-06,1.9772901582189498e-07
-0.424,1.680662463633047e-06,-1.9462195982820898e-06,4.146868557200093e-06,4.521476901897055e-08
-0.42,1.6552283015009487e-06,-2.0740979179243088e-06,4.075386223308355e-06,7.671917169519802e-08
-0.416,6.243077531937655e-07,-1.6609702535129202e-06,2.451668271974214e-06,2.5107016146335845e-07
-0.412,-8.900364181676573e-07,-8.900607114874922e-07,-8.620853693872274e-08,4.5721848856061726e-07
-0.408,-2.1547859789448837e-06,-5.7885634503721344e-08,-2.4523046795587118e-06,5.497120578757725e-07
-0.404,-2.6049339278393044e-06,5.704532508887321e-07,-3.6325496308903496e-06,4.168155645605041e-07
-0.4,-2.12567929026829e-06,8.808300096175608e-07,-3.1842943031428254e-06,5.18985611852672e-08
-0.396,-1.0796716147582113e-06,9.34519240938872e-07,-1.4462598399998349e-06,-4.2367336613114554e-07
-0.392,-6.500942328837512e-08,8.961209339755034e-07,6.607869082054602e-07,-8.092117830499779e-07
-0.388,4.523994420577816e-07,9.141063944490951e-07,2.1382420833070435e-06,-9.292156938500324e-07
-0.384,4.0808207861963616e-07,1.0288815347411974e-06,2.432235098189887e-06,-7.374746192796785e-07
-0.38,1.4907335952471053e-07,1.160160440987085e-06,1.6845005079794095e-06,-3.5498707194190873e-07
-0.376,1.8045941866797552e-07,1.1668066194508938e-06,5.797160930860308e-07,-1.769860987298652e-08
-0.372,8.12143261941912e-07,9.452702494853015e-07,-1.035098145910021e-07,5.306824748285037e-08
-0.368,1.924146745621281e-06,4.922917324162601e-07,2.966411083814116e-08,-2.2308033913557267e-07
-0.364,3.0033794169481142e-06,-9.342042882034511e-08,7.700280109192229e-07,-7.266826471962454e-07
-0.36,3.442439116082377e-06,-6.698256932547065e-07,1.4715075852682629e-06,-1.1938089586080496e-06
-0.356,2.9136340740459347e-06,-1.1272476573681364e-06,1.4858194594410695e-06,-1.3564993615252214e-06
-0.352,1.5863905318550031e-06,-1.4304245788696063e-06,5.885113538355319e-07,-1.0893086150250805e-06
-0.348,5.322573996873844e-08,-1.614267702489397e-06,-8.62586675639019e-07,-4.880050967744759e-07
-0.344,-9.98122853817183e-07,-1.7380245564424568e-06,-2.1333146609692227e-06,1.745175744483607e-07
-0.34,-1.1661341545189347e-06,-1.8336036568056338e-06,-2.54843991847243e-06,5.88609339024078e-07
-0.336,-5.492198833516403e-07,-1.8856760275734449e-06,-1.893195739408117e-06,5.650366594895212e-07
-0.332,3.324046980456549e-07,-1.841058107749417e-06,-5.361163105629938e-07,1.3388587524452847e-07
-0.328,8.52432694855971e-07,-1.6440738206051224e-06,7.949343959396376e-07,-4.749275889688538e-07
-0.324,6.293372676243509e-07,-1.2712322306276572e-06,1.4299486574458824e-06,-9.54594653934307e-07
-0.32,-2.910150075202774e-07,-7.409691918910806e-07,1.1182592274279578e-06,-1.0736081014739124e-06
-0.316,-1.5140282647550133e-06,-1.071478835338e-07,1.237750907454127e-07,-7.838817644946743e-07
-0.312,-2.5668648729378975e-06,5.585998338274113e-07,-9.883729358716233e-07,-2.2692032693741053e-07
-0.308,-3.17310275350349e-06,1.1813823676537457e-06,-1.714639451627658e-06,3.560544940278379e-07
-0.304,-3.3620785199485923e-06,1.6943871455664252e-06,-1.8926711466272949e-06,7.585433402555864e-07
-0.3,-3.354735052012052e-06,2.047892124011934e-06,-1.7251870456499347e-06,9.106690632730336e-07
-0.296,-3.328542655321423e-06,2.2194392896867607e-06,-1.5595200348663376e-06,8.977560569552231e-07
-0.292,-3.2358216376905254e-06,2.2199649515237153e-06,-1.588757544219981e-06,8.893867676397918e-07
-0.288,-2.8069887349034568e-06,2.0930795180556813e-06,-1.6802263436598446e-06,1.0287325171976224e-06
-0.284,-1.742990869003628e-06,1.8960700643191722e-06,-1.4533186077848347e-06,1.3420373962701941e-06
-0.28,3.031625646469595e-08,1.6712496485452799e-06,-5.563516254040518e-07,1.7204684647821007e-06
-0.276,2.215442480526494e-06,1.4237659325146315e-06,1.0368541050537055e-06,1.9821198701061666e-06
-0.272,4.215589108493746e-06,1.1204690713817887e-06,2.915455080166361e-06,1.97095720618883e-06
-0.268,5.398611708144981e-06,7.130639102912554e-07,4.394977584123282e-06,1.6346254607294997e-06
-0.264,5.400276372298984e-06,1.7612094165550836e-07,4.861701219535733e-06,1.0404633604114635e-06
-0.26,4.298777958580887e-06,-4.6090106819294237e-07,4.103316533385018e-06,3.268826874702479e-07
-0.256,2.564356996785543e-06,-1.11337466659127e-06,2.4285320381973694e-06,-3.7943922403033506e-07
-0.252,8.20741824844622e-07,-1.6694811216227135e-06,5.071323951050202e-07,-1.0203721746227152e-06
-0.248,-4.376996546745009e-07,-2.0361064688533167e-06,-9.69391717262543e-07,-1.6078027362617618e-06
-0.244,-1.0272095658389389e-06,-2.173860663422739e-06,-1.6162090486941635e-06,-2.169833979866517e-06
-0.24,-1.0721198384448903e-06,-2.102880063533891e-06,-1.4882878130992364e-06,-2.6813729444145354e-06
-0.236,-8.539418787256808e-07,-1.8885024125880864e-06,-9.649690178905014e-07,-3.038852387444211e-06
-0.232,-6.290445088146547e-07,-1.6116456223026657e-06,-4.843416536965001e-07,-3.0980164285490536e-06
-0.228,-5.17363927388705e-07,-1.3422972117653728e-06,-2.9232473804948297e-07,-2.7565591933682943e-06
-0.224,-5.023662917547724e-07,-1.1306718773833806e-06,-3.470868043373228e-07,-2.0360281685561603e-06
-0.22,-5.130284771914929e-07,-1.0095860229413837e-06,-4.1938499663010337e-07,-1.1063364664811558e-06
-0.216,-5.132497562442911e-07,-9.926748182190418e-07,-3.0292653750255054e-07,-2.2713754570856767e-07
-0.212,-5.280445043325484e-07,-1.06431285751829e-06,1.9069836906200398e-08,3.6538782517075985e-07
-0.208,-6.053416883528777e-07,-1.1656512409257529e-06,3.537594960449861e-07,5.680287479133031e-07
-0.204,-7.623073921510316e-07,-1.1946102563180932e-06,4.223024876892501e-07,4.543464783420438e-07
-0.2,-9.643824091317533e-07,-1.0310554985974664e-06,4.257745714486983e-08,2.294357342155502e-07
-0.196,-1.1508925771747576e-06,-5.857777883686355e-07,-7.454680371119086e-07,1.2335411453437728e-07
-0.192,-1.2827237153979964e-06,1.5282291148507985e-07,-1.6891131201900172e-06,2.862548569582815e-07
-0.188,-1.364871089047193e-06,1.0950853410606761e-06,-2.4497604241988484e-06,7.324892991306717e-07
-0.184,-1.4161671833306795e-06,2.069864562843122e-06,-2.7611389874142607e-06,1.3595950691522255e-06
-0.18,-1.4114884606998695e-06,2.8808612588764776e-06,-2.5320555294615756e-06,2.0169188801480715e-06
-0.176,-1.2550231199983956e-06,3.368872374389517e-06,-1.8512278043693835e-06,2.570010652488486e-06
-0.172,-8.211401667243516e-07,3.460873787501136e-06,-9.115874717137382e-07,2.933548587282494e-06
-0.168,-5.214996545770051e-08,3.178503059271222e-06,8.480329653667052e-08,3.0582087278576605e-06
-0.164,9.391989716449624e-07,2.613574963094227e-06,9.763273216451416e-07,2.9038302274378446e-06
-0.16,1.8522157795807694e-06,1.8857177155349286e-06,1.6445726190258023e-06,2.4292492660499637e-06
-0.156,2.3061882711340455e-06,1.1046692804126553e-06,2.0007153829280405e-06,1.6151258620182106e-06
-0.152,2.031560966239531e-06,3.513258566249471e-07,1.9878229208247394e-06,5.062214899205524e-07
-0.148,1.046835938138133e-06,-3.2458664858902e-07,1.6207434028005362e-06,-7.632749615450433e-07
-0.144,-2.927406108115216e-07,-8.995399932955603e-07,1.0279765815886132e-06,-1.989238329060179e-06
-0.14,-1.4223123133603024e-06,-1.362295363669157e-06,4.473619722968014e-07,-2.9513804191678066e-06
-0.136,-1.8201453871888527e-06,-1.705979839117504e-06,1.4980634634266744e-07,-3.483781822922443e-06
-0.132,-1.260144572235288e-06,-1.9192352966332087e-06,3.129310034101184e-07,-3.5188595450766006e-06
-0.128,7.414276971884985e-08,-1.9796386643803014e-06,9.186826593526943e-07,-3.089156658301491e-06
-0.124,1.6691435395313737e-06,-1.8571909575972375e-06,1.7339808961159628e-06,-2.2951969080334047e-06
-0.12,2.9184096449653284e-06,-1.5341032547313975e-06,2.403097691627393e-06,-1.269113112498604e-06
-0.116,3.3915748196566653e-06,-1.0422719930494706e-06,2.611653008743359e-06,-1.6468977090131036e-07
-0.112,2.991916824532303e-06,-4.915477831608363e-07,2.2297230032448536e-06,8.370312363101979e-07
-0.108,1.9447909137376848e-06,-6.536043748003587e-08,1.3630712026890224e-06,1.5314423303676357e-06
-0.104,6.395591789117129e-07,3.475415475992992e-08,2.8075730669662277e-07,1.7302060693060259e-06
-0.1,-5.691362208966875e-07,-3.1597651364465243e-07,-7.314991048767574e-07,1.3389749368969335e-06
-0.096,-1.4875426036417787e-06,-1.0755291832538215e-06,-1.500134296385184e-06,4.340947200074506e-07
-0.092,-2.0924544648288788e-06,-2.0012186683146757e-06,-2.012359057491569e-06,-7.12886459212402e-07
-0.088,-2.451711864727995e-06,-2.713624417847661e-06,-2.367986630227807e-06,-1.7063495862785963e-06
-0.084,-2.6291065005373774e-06,-2.84027736383588e-06,-2.6774575826561704e-06,-2.172881648342187e-06
-0.08,-2.6384999686576293e-06,-2.184908496742326e-06,-2.972126042647954e-06,-1.9237178710484325e-06
-0.076,-2.4680779366718116e-06,-8.384690580374918e-07,-3.182401898817196e-06,-1.0456706517274604e-06
-0.072,-2.1306369442309937e-06,8.336099075524898e-07,-3.1824315415706556e-06,1.3453879729182052e-07
-0.068,-1.6898774983024206e-06,2.3280092572410054e-06,-2.865585745045053e-06,1.1958227655679476e-06
-0.064,-1.2355364329875651e-06,3.208293359300441e-06,-2.2048899110599727e-06,1.8096277770517699e-06
-0.06,-8.206907569862466e-07,3.2825096612550955e-06,-1.2614794827450195e-06,1.8724061824573265e-06
-0.056,-4.1491355426424175e-07,2.6655741951444916e-06,-1.5020310549717353e-07,1.5168582693704623e-06
-0.052,7.575560812020112e-08,1.7039662341760501e-06,9.976091180953764e-07,1.010586778268529e-06
-0.048,7.256685362640695e-07,8.057451812721648e-07,2.049944289491618e-06,6.055335785374959e-07
-0.044,1.5000387504064278e-06,2.63612066673031e-07,2.874355242080196e-06,4.260569327253226e-07
-0.04,2.2208934324431004e-06,1.5712461927085072e-07,3.3393836803438973e-06,4.511956647473596e-07
-0.036,2.6314923038516512e-06,3.6765879700557144e-07,3.344693519542775e-06,5.80337317384553e-07
-0.032,2.534429021221152e-06,6.815622534295877e-07,2.8761028958302633e-06,7.254946196770801e-07
-0.028,1.924167947050737e-06,9.095682556514556e-07,2.0523394882548137e-06,8.600570072147555e-07
-0.024,1.0261416978355192e-06,9.597076885294405e-07,1.1178976544982213e-06,9.971342974051773e-07
-0.02,2.108180122412268e-07,8.395291699103885e-07,3.687577709761761e-07,1.1249804084146625e-06
-0.016,-1.8417584749147255e-07,6.000492809816435e-07,2.990191321132453e-08,1.1528870927706208e-06
-0.012,-3.0695518478703235e-08,2.7588197732321256e-07,1.4404909298445008e-07,9.235150624434937e-07
-0.008,5.162755079018561e-07,-1.374416300764284e-07,5.413684633304399e-07,2.9649894767764937e-07
-0.004,1.0879014175055715e-06,-6.596901702664715e-07,9.098199221885283e-07,-7.440220429274322e-07
0.0,1.2853491332704513e-06,-1.2784167117659275e-06,9.436453611016722e-07,-2.0248157506157267e-06
0.004,8.791030907155295e-07,-1.918485746745824e-06,4.927679933318797e-07,-3.213671574135466e-06
0.008,-7.990382482761801e-08,-2.450815736965341e-06,-3.632000301727283e-07,-3.939719661747469e-06
0.012,-1.2900419435802912e-06,-2.73946769036164e-06,-1.3546494513423858e-06,-3.949634623443682e-06
0.016,-2.346122484336186e-06,-2.697769758678181e-06,-2.1528634337440392e-06,-3.218679853311544e-06
0.02,-2.9218254394172317e-06,-2.320108666557213e-06,-2.519074281109341e-06,-1.9599218449615977e-06
0.024,-2.896268287290555e-06,-1.6764800479988461e-06,-2.397275252492947e-06,-5.315959005955879e-07
0.028,-2.3715905628047047e-06,-8.757271832679784e-07,-1.9116039359501304e-06,7.118179698113128e-07
0.032,-1.5884892773775313e-06,-3.1981106803780766e-08,-1.279873381839399e-06,1.5439497048191237e-06
0.036,-8.027173997895949e-07,7.495662084837522e-07,-7.058261451284651e-07,1.9156509568767055e-06
0.04,-1.881431184236923e-07,1.3705848575007342e-06,-3.033729367092535e-07,1.920738310795059e-06
0.044,1.9484318130999202e-07,1.737227362655143e-06,-8.261599053633248e-08,1.7114664756754074e-06
0.048,3.729492210285116e-07,1.7774048796182764e-06,1.182096136059121e-08,1.4182650962047751e-06
0.052,4.1406082322370194e-07,1.4754437296595888e-06,5.115467619218177e-08,1.1110127532022645e-06
0.056,3.920314274803905e-07,9.075369930990363e-07,9.142946998822333e-08,8.102380475228443e-07
0.06,3.8028657997938063e-07,2.457925850971472e-07,1.7509829925161378e-07,5.237022273996872e-07
0.064,4.533777578140174e-07,-2.9111009280514535e-07,3.433644713673114e-07,2.7297170156142166e-07
0.068,6.733042829091768e-07,-5.287630480537337e-07,6.328126040721486e-07,8.818972831751284e-08
0.072,1.050781783063218e-06,-4.21904180493433e-07,1.0449349485010783e-06,-1.7078405078795375e-08
0.076,1.499014215656182e-06,-8.236931151487881e-08,1.5015335115851717e-06,-6.45854186735019e-08
0.08,1.8248269775370593e-06,2.7086855344793636e-07,1.8292240276758775e-06,-1.0808307119553117e-07
0.084,1.7886671955028538e-06,4.197263704993722e-07,1.8084386027916139e-06,-2.0515123033687495e-07
0.088,1.2260306915502974e-06,2.6099484323460965e-07,1.2828782363953766e-06,-3.7908606830690663e-07
0.092,1.658593815885539e-07,-1.403031835608377e-07,2.7301714752805793e-07,-5.995707267101767e-07
0.096,-1.1240444817917552e-06,-5.877684623821608e-07,-9.737910818883904e-07,-7.963980982272612e-07
0.1,-2.2091139953564486e-06,-8.582562149090158e-07,-2.042459958483588e-06,-8.969422530160061e-07
0.104,-2.664462421292866e-06,-8.175816701802227e-07,-2.510719730022879e-06,-8.639572813430627e-07
0.108,-2.277704521190851e-06,-4.814590179276694e-07,-2.1442245603947007e-06,-7.083763981974476e-07
0.112,-1.1701390850389288e-06,8.701331833708902e-09,-1.0250462352712452e-06,-4.701590068020272e-07
0.116,2.3548103185300908e-07,4.7413457346360955e-07,4.6139966074595293e-07,-1.8421374016786993e-07
0.12,1.3992770058941271e-06,7.929815755207958e-07,1.7851620117925632e-06,1.4100767012692205e-07
0.124,1.9053143269979396e-06,9.413045069675825e-07,2.4979238200557575e-06,5.094214322891978e-07
0.128,1.6487143190495232e-06,9.67415377235989e-07,2.4264508224697582e-06,9.015356439138532e-07
0.132,8.646651261555508e-07,9.261267565641941e-07,1.7279473855137757e-06,1.2458716739944047e-06
0.136,-1.1533184375129547e-08,8.272332892280173e-07,7.839666515324647e-07,1.427957699716539e-06
0.14,-5.725232141932424e-07,6.351751084358191e-07,-2.0276932867440732e-10,1.3403817252515116e-06
0.144,-6.348597169586477e-07,3.1879181315244224e-07,-3.8509233234388363e-07,9.515848897361128e-07
0.148,-2.9774648456228607e-07,-9.092286198787834e-08,-3.774444783765133e-07,3.4611298895566853e-07
0.152,1.4818989113220433e-07,-4.855198717929022e-07,-1.7953267604843653e-07,-2.97779396883462e-07
0.156,4.0080550929348184e-07,-7.290975373024258e-07,-4.820745444564509e-08,-7.912137253194067e-07
0.16,3.082779752133662e-07,-7.473969198329335e-07,-1.5060251483704773e-07,-1.0332358287157778e-06
0.164,-7.828666229572514e-08,-5.922091932638625e-07,-4.986026423492822e-07,-1.060371214212991e-06
0.168,-5.748655876352793e-07,-4.295360643470241e-07,-9.816368978844559e-07,-1.0138572157855352e-06
0.172,-9.98800988165169e-07,-4.4697554733261225e-07,-1.457253211364585e-06,-1.038973846496048e-06
0.176,-1.2727942358075155e-06,-7.343291590516042e-07,-1.8268094279889658e-06,-1.1829063956699234e-06
0.18,-1.4370886531227094e-06,-1.209355796118963e-06,-2.0535539616939765e-06,-1.3550540859273083e-06
0.184,-1.5714260809212481e-06,-1.6472287943169633e-06,-2.1254797376467057e-06,-1.3837095362703533e-06
0.188,-1.6896544767918754e-06,-1.8016551680584953e-06,-2.0054755388037916e-06,-1.1371102990188317e-06
0.192,-1.6877863851744746e-06,-1.5505873847609717e-06,-1.6203808125687841e-06,-6.318996890078685e-07
0.196,-1.3902021918520144e-06,-9.76026062962629e-07,-9.084181205505258e-07,-5.1550567483006e-08
0.2,-6.701607821578707e-07,-3.2312005369326606e-07,1.0459948267476393e-07,3.48380121178311e-07
0.204,4.326777381085916e-07,1.412602066040558e-07,1.2605913201381065e-06,3.987689593095347e-07
0.208,1.6805507595677834e-06,2.84391708217401e-07,2.3021684650712037e-06,1.3878627545779815e-07
0.212,2.7175029232863276e-06,1.8370711787443176e-07,2.9728535767100085e-06,-1.8027862539963855e-07
0.216,3.2239047530243843e-06,7.594007650762955e-08,3.1303739970321937e-06,-2.227103100773329e-07
0.22,3.063451355764947e-06,2.0675035197003364e-07,2.808329605253451e-06,2.3441446020417184e-07
0.224,2.3393516156239875e-06,6.716320569112506e-07,2.1864044198092853e-06,1.1502998198409344e-06
0.228,1.3290395199571807e-06,1.3450906905129792e-06,1.4824032076270581e-06,2.2071878302363014e-06
0.232,3.4305002001429173e-07,1.9416767148586703e-06,8.391862309177162e-07,2.9510700457396254e-06
0.236,-4.1144957294155423e-07,2.1712203963600533e-06,2.756029973033811e-07,3.012863106013284e-06
0.24,-8.942035618426e-07,1.8972801702929746e-06,-2.774520735136035e-07,2.2923822012310397e-06
0.244,-1.2010172419718267e-06,1.2082911302309435e-06,-8.883764877491817e-07,1.007854942399659e-06
0.248,-1.4642130392794767e-06,3.6615974885103314e-07,-1.5422772132392282e-06,-4.101503961343415e-07
0.252,-1.7542958782154176e-06,-3.3185064070575763e-07,-2.125422008027924e-06,-1.5171327457576226e-06
0.256,-2.0379879281341053e-06,-6.944944159364826e-07,-2.4841158312491793e-06,-2.0388477901866566e-06
0.26,-2.205047783474196e-06,-7.049176218074741e-07,-2.513272571380213e-06,-1.9535229574079605e-06
0.264,-2.138267920610486e-06,-4.896018900285535e-07,-2.213147811088128e-06,-1.4477573083431878e-06
0.268,-1.782353995904024e-06,-2.2146607275461948e-07,-1.6808757358707813e-06,-7.908317470632948e-07
0.272,-1.1720027922596452e-06,-2.0397749411274837e-08,-1.0438727015981927e-06,-2.0413447557828898e-07
0.276,-4.1152130864885816e-07,9.107203825568402e-08,-3.8396677883946595e-07,2.068180383180997e-07
0.28,3.7277301092168496e-07,1.6054097029283854e-07,2.908739273217512e-07,4.384813049679207e-07
0.284,1.0756588406794298e-06,2.4252842535655703e-07,1.0124884250832935e-06,5.303097188740606e-07
0.288,1.6323827210468565e-06,3.4630810721531286e-07,1.7822303078355016e-06,5.086232108761808e-07
0.292,2.008472603604179e-06,4.244264859182896e-07,2.5154743372974346e-06,3.6692767535729046e-07
0.296,2.1805637364218233e-06,3.992788045923515e-07,3.0490237866869476e-06,8.454338211103129e-08
0.3,2.1266546688828576e-06,2.0402203635181185e-07,3.211627307918654e-06,-3.4075178365313486e-07
0.304,1.8313166622644136e-06,-1.9037780352015874e-07,2.9128148276723815e-06,-8.72403436568266e-07
0.308,1.3067250134406542e-06,-7.695992304065759e-07,2.1969736688109477e-06,-1.4380044029605365e-06
0.312,6.091629897988264e-07,-1.483497266138252e-06,1.2221556583385438e-06,-1.9497005742678465e-06
0.316,-1.58679974458462e-07,-2.246939398132852e-06,1.8344880903097712e-07,-2.3204316282048856e-06
0.32,-8.651698391237624e-07,-2.931088808784008e-06,-7.726397521346364e-07,-2.468197565816246e-06
0.324,-1.383871059773733e-06,-3.3620483953024662e-06,-1.5898493029752624e-06,-2.3138353799650254e-06
0.328,-1.6327884220692869e-06,-3.3519688927027215e-06,-2.280764715233171e-06,-1.7922197990690701e-06
0.332,-1.6003095853088768e-06,-2.7687727698115523e-06,-2.858437007440828e-06,-8.858170684444302e-07
0.336,-1.3500225709231447e-06,-1.6169621981698225e-06,-3.2771929570514453e-06,3.3435640259685855e-07
0.34,-1.0012402894981972e-06,-8.416098771231937e-08,-3.4287317483814273e-06,1.6847801696848955e-06
0.344,-6.885684866525271e-07,1.4843185870104527e-06,-3.1973275462924424e-06,2.886229906920767e-06
0.348,-5.089920041062352e-07,2.6918528089419272e-06,-2.53518615605866e-06,3.633142744906079e-06
0.352,-4.823665869597864e-07,3.2418722258791535e-06,-1.5146077604723927e-06,3.7000438240108804e-06
0.356,-5.471539900231533e-07,3.0604450335467514e-06,-3.245468482858663e-07,3.0398864385232318e-06
0.36,-5.940406862184109e-07,2.3298498548824554e-06,7.895723990474074e-07,1.8272361132611918e-06
0.364,-5.272834750113708e-07,1.4103818749414273e-06,1.6107632988946779e-06,4.20558667989319e-07
0.368,-3.14714633850315e-07,6.831985396436846e-07,2.0248391862216737e-06,-7.521715403592345e-07
0.372,-4.869365099223723e-09,3.8990724481650094e-07,2.0482074462054714e-06,-1.3442825484023144e-06
0.376,2.9841800496334477e-07,5.453384189430039e-07,1.8024712658331437e-06,-1.218974315727755e-06
0.38,4.945246601553476e-07,9.603572133291878e-07,1.4584792302775783e-06,-5.015181313629448e-07
0.384,5.429018335442365e-07,1.3534266382662562e-06,1.1738862508083146e-06,4.688641514787656e-07
0.388,4.838108843528548e-07,1.4882308396328913e-06,1.0431526316945702e-06,1.270843695216361e-06
0.392,4.0839590508482696e-07,1.2696963817232533e-06,1.07241783190529e-06,1.5654017950036703e-06
0.396,3.936360165984635e-07,7.607792544892505e-07,1.1769673234157495e-06,1.2267105140668329e-06
0.4,4.4994500317579746e-07,1.2397988541723356e-07,1.2107688370179601e-06,3.8236329982303793e-07
0.404,5.132268952066088e-07,-4.7132000125782753e-07,1.024167075024523e-06,-6.534607942460496e-07
0.408,4.947920519151107e-07,-9.242560876076734e-07,5.403115951643395e-07,-1.5247719429514523e-06
0.412,3.5570595534760537e-07,-1.227959906127313e-06,-1.830526422811539e-07,-1.9905634125562274e-06
0.416,1.5523577166213335e-07,-1.443313158740825e-06,-9.435675959360575e-07,-2.0207691063431955e-06
0.42,3.87935794913746e-08,-1.6414182517614084e-06,-1.4510430111037685e-06,-1.7829737990756526e-06
0.424,1.6030957630457863e-07,-1.8512734767510816e-06,-1.4460749872333648e-06,-1.5303042512464384e-06
0.428,5.773582545347793e-07,-2.0413567037441026e-06,-8.359518069733688e-07,-1.455263531357824e-06
0.432,1.1812309710013398e-06,-2.135733984677835e-06,2.2262620662826083e-07,-1.583857868432518e-06
0.436,1.713387198206382e-06,-2.0532390515904484e-06,1.3495846751003916e-06,-1.766246885160179e-06
0.44,1.8730169139472485e-06,-1.7495565486447798e-06,2.082568727143376e-06,-1.7678573793296092e-06
0.444,1.4590411199165933e-06,-1.2435575488329462e-06,2.069201982423644e-06,-1.408399872881296e-06
0.448,4.807386840371794e-07,-6.207737489457591e-07,1.2295968025240448e-06,-6.720260002597622e-07
0.452,-8.279740506183781e-07,-1.1576564820538035e-08,-1.9726730729808616e-07,2.7254443080099396e-07
0.456,-2.1049538409079914e-06,4.492759184414248e-07,-1.7545303114487888e-06,1.1524572462912723e-06
0.46,-3.0104019780366136e-06,6.643530865122539e-07,-2.959074245524317e-06,1.721783234073226e-06
0.464,-3.3643888468262988e-06,6.066141285393789e-07,-3.4992015989426515e-06,1.8729720312063505e-06
0.468,-3.2030589669556364e-06,3.3622269291624036e-07,-3.3425474393489378e-06,1.6724021577754453e-06
0.472,-2.7278910042508617e-06,-1.2308496947706392e-08,-2.705848867864701e-06,1.3072306261832053e-06
0.476,-2.1817666751203006e-06,-2.6837484690172276e-07,-1.915393320845689e-06,9.821632657742384e-07
0.48,-1.7138741778192344e-06,-2.789000381660342e-07,-1.230947726667752e-06,8.25234302689175e-07
0.484,-1.3156791522893216e-06,3.6913897466070065e-08,-7.362837293559074e-07,8.468939407323595e-07
0.488,-8.465805807378077e-07,6.562062847981808e-07,-3.365336064606638e-07,9.67719809419646e-07
0.492,-1.384322502067231e-07,1.4556780329344171e-06,1.4395932360910545e-07,1.0825642725024453e-06
0.496,8.760845151503466e-07,2.24681571929961e-06,8.235923635791417e-07,1.1178703458075316e-06
0.5,2.087136594756927e-06,2.830357539454837e-06,1.6706941385100407e-06,1.0503785370735135e-06
0.504,3.2172286627837468e-06,3.051560254675087e-06,2.497787868767797e-06,8.880645934591687e-07
0.508,3.926711851354582e-06,2.837667719488864e-06,3.0495039196203713e-06,6.383844074989885e-07
0.512,3.96431027155856e-06,2.21047603419203e-06,3.131838021759531e-06,2.931425910210013e-07
0.516,3.2869153423236506e-06,1.2738378939310786e-06,2.7094114645597803e-06,-1.5834799960039713e-07
0.52,2.090942203494496e-06,1.868862877659258e-07,1.9230459529477577e-06,-6.971833914384712e-07
0.524,7.366298167036409e-07,-8.663226984844711e-07,1.0256083976266778e-06,-1.2498765670781419e-06
0.528,-4.033466538882434e-07,-1.7092619920524765e-06,2.6927506547604033e-07,-1.696849569033802e-06
0.532,-1.0990858039141597e-06,-2.208223968637224e-06,-1.9599207513072506e-07,-1.915796484789906e-06
0.536,-1.3450237276482104e-06,-2.306345444738369e-06,-3.632001900241219e-07,-1.838150573529581e-06
0.54,-1.328912992467597e-06,-2.04842279443503e-06,-3.410960488930652e-07,-1.4878053815342545e-06
0.544,-1.3043143784890133e-06,-1.579692555719772e-06,-2.812219164865477e-07,-9.775562937352048e-07
0.548,-1.4352610463584133e-06,-1.1072540353676415e-06,-3.0053265043412745e-07,-4.6410892487324296e-07
0.552,-1.7001686108448555e-06,-8.28780855049992e-07,-4.3935214963594385e-07,-8.456386635674579e-08
0.556,-1.9127444853145104e-06,-8.494843359586598e-07,-6.694342719713019e-07,9.600361668202204e-08
0.56,-1.8418173995513414e-06,-1.1275145160749238e-06,-9.291008604435389e-07,9.739942542032081e-08
0.564,-1.3692186617794554e-06,-1.4816615144933684e-06,-1.1630607031996332e-06,-2.8172683105491295e-09
0.568,-5.876091828711563e-07,-1.6660302904225299e-06,-1.3389947064614209e-06,-1.1700281904511543e-07
0.572,2.2448544323523964e-07,-1.486527804412925e-06,-1.4354995673402115e-06,-1.9087958917430566e-07
0.576,7.469251787593902e-07,-9.006335995822951e-07,-1.4174541686580768e-06,-2.1616334516192875e-07
0.58,7.987594389858518e-07,-5.0586828594763765e-08,-1.2290918585739007e-06,-2.1311440491836654e-07
0.584,4.4978060755889073e-07,7.92150556970872e-07,-8.188721528855124e-07,-2.0066249254705883e-07
0.588,-3.992871152405784e-09,1.3500322462203042e-06,-1.81587328434813e-07,-1.7393363559401828e-07
0.592,-1.9754948900267545e-07,1.4702870737986726e-06,6.048985705266886e-07,-1.0332895168184686e-07
0.596,9.78971652635561e-08,1.192622773526359e-06,1.379615495447365e-06,4.1145732400312076e-08
0.6,8.375830260647463e-07,7.191697344597279e-07,1.945566402860724e-06,2.562359505941292e-07
0.604,1.7104402792385277e-06,3.0321709282510424e-07,2.1439302160062806e-06,4.872693830976089e-07
0.608,2.2914610230143286e-06,1.1796866651012017e-07,1.9180531027343172e-06,6.42932427925279e-07
0.612,2.2588653929800374e-06,1.8013733222456948e-07,1.3361001616795382e-06,6.410290486867202e-07
0.616,1.5582687829349844e-06,3.647492636346747e-07,5.612906384078229e-07,4.590001378182735e-07
0.62,4.2612832151612954e-07,4.995574356524622e-07,-2.166416225693261e-07,1.6117072149888155e-07
0.624,-7.383977725487913e-07,4.801732414255433e-07,-8.551364397684192e-07,-1.1702173335287907e-07
0.628,-1.5733661208030677e-06,3.359661832103359e-07,-1.2974113807160493e-06,-2.258165101477961e-07
0.632,-1.9218209597599324e-06,2.0686461258155272e-07,-1.5683810751119925e-06,-7.493588221629775e-08
0.636,-1.8781457975031967e-06,2.507744546052693e-07,-1.7332798698039782e-06,3.180506449456309e-07
0.64,-1.6987990260611983e-06,5.369817985245055e-07,-1.847369003362392e-06,8.285900100378009e-07
0.644,-1.6400470498450675e-06,9.927111177159447e-07,-1.9256749825796307e-06,1.278502246346349e-06
0.648,-1.8098012235632101e-06,1.4343381108169151e-06,-1.936602338071962e-06,1.514560905248488e-06
0.652,-2.115791353053026e-06,1.6623391646360918e-06,-1.8179273185616358e-06,1.4714274750583903e-06
0.656,-2.323656957583606e-06,1.5588651375817004e-06,-1.5001790157535343e-06,1.1872544243441382e-06
0.66,-2.1829910965684353e-06,1.1352322310751715e-06,-9.268626435487339e-07,7.683613873580268e-07
0.664,-1.552936745019174e-06,5.053310881536516e-07,-7.43675228540154e-08,3.252741777470057e-07
0.668,-4.65593586632851e-07,-1.8886655363583355e-07,1.0272544942477897e-06,-7.854257769661141e-08
0.672,8.940080934690203e-07,-8.513823203893539e-07,2.2754560253726853e-06,-4.4143364700021943e-07
0.676,2.2637719549672137e-06,-1.4580384683976865e-06,3.4875794489175847e-06,-7.980403749528185e-07
0.68,3.3914454238027377e-06,-2.021673427636303e-06,4.4228874798384555e-06,-1.173072749362815e-06
0.684,4.09298341128898e-06,-2.531887118589167e-06,4.838034879328772e-06,-1.5489455896002088e-06
0.688,4.270669824490449e-06,-2.916332218362253e-06,4.564599525019957e-06,-1.8666313842450947e-06
0.692,3.9111939907470385e-06,-3.056564116717989e-06,3.5831714116559872e-06,-2.057879815681155e-06
0.696,3.0786634496880607e-06,-2.8528878655570666e-06,2.054334338866065e-06,-2.0833630497407764e-06
0.7,1.9126968265513736e-06,-2.298541673150595e-06,2.861134737949273e-07,-1.9533708212991578e-06
0.704,6.153085991799277e-07,-1.511718018773885e-06,-1.360751172813353e-06,-1.717388541233543e-06
0.708,-5.853800661719055e-07,-6.971448178506255e-07,-2.5902243100868256e-06,-1.4310275810390382e-06
0.712,-1.4980899304276055e-06,-5.3210653154616307e-08,-3.260979580809569e-06,-1.1243558509339838e-06
0.716,-2.036905735182896e-06,3.226647721318632e-07,-3.410748211546573e-06,-7.928088466863965e-07
0.72,-2.2532727599294963e-06,4.77325133927884e-07,-3.2026588956374778e-06,-4.1458511379302874e-07
0.724,-2.303441686411935e-06,5.668730117515367e-07,-2.823842504216784e-06,1.9190357147763865e-08
0.728,-2.3607136319201833e-06,7.619957460001304e-07,-2.39522128655113e-06,4.834622283716598e-07
0.732,-2.508297924500119e-06,1.1457697051284864e-06,-1.929055925149229e-06,9.213083309009782e-07
0.736,-2.6764134375952273e-06,1.6624635933050834e-06,-1.355986090294694e-06,1.2699596246452913e-06
0.74,-2.671974714031408e-06,2.144609635307464e-06,-6.100741610052619e-07,1.491309822973365e-06
0.744,-2.2918967732911816e-06,2.402016271787329e-06,2.848077937215719e-07,1.5883698484833846e-06
0.748,-1.4654863064490578e-06,2.3265524115698848e-06,1.1746337906144512e-06,1.6022598457653964e-06
0.752,-3.35377644548342e-07,1.953004941231757e-06,1.818820546953462e-06,1.5908508607167094e-06
0.756,7.76340975189337e-07,1.4408901980661495e-06,1.9958713796455855e-06,1.6001301408080055e-06
0.76,1.5126772037360718e-06,9.908852907561126e-07,1.6206657786458657e-06,1.6449764826850626e-06
0.764,1.666859622591735e-06,7.379895351193102e-07,8.150598663527502e-07,1.702498122099666e-06
0.768,1.2997044978351147e-06,6.815535063842594e-07,-1.1849971250713756e-07,1.718466946892444e-06
0.772,7.165567502935464e-07,6.878863782225491e-07,-8.165402158275596e-07,1.621439047369453e-06
0.776,3.038079461726797e-07,5.651395203728565e-07,-1.019570443469707e-06,1.3432010149675598e-06
0.78,3.149304367548038e-07,1.746773627780986e-07,-6.959298142309014e-07,8.467437322459607e-07
0.784,7.264198789793272e-07,-4.805496497987881e-07,-5.87404105568106e-08,1.544797697504393e-07
0.788,1.2496405152053396e-06,-1.239110564007043e-06,5.369615026998679e-07,-6.374465184142121e-07
0.792,1.5026844635681703e-06,-1.8497377028752224e-06,7.793886159247572e-07,-1.3747730528850857e-06
0.796,1.2423634420828844e-06,-2.090661971234164e-06,5.66597666069254e-07,-1.8909412495371978e-06
0.8,5.227609123741263e-07,-1.8846273372242705e-06,6.710175019917609e-08,-2.0740686972889577e-06
0.804,-3.216852403537276e-07,-1.3513208341889738e-06,-3.692829692322734e-07,-1.925819337673818e-06
0.808,-8.645922653890739e-07,-7.646709137299025e-07,-4.0749902334316377e-07,-1.5747365110022535e-06
0.812,-8.370285638452024e-07,-4.3172193303311923e-07,7.628776857454665e-08,-1.226833526074538e-06
0.816,-2.9062261357842355e-07,-5.491264703339586e-07,9.069028961151373e-07,-1.0712105901432027e-06
0.82,4.1976860036482816e-07,-1.1029587279625436e-06,1.682058078979464e-06,-1.1854733212358146e-06
0.824,8.305817049401985e-07,-1.8646937365946312e-06,1.9746309231795856e-06,-1.4942953072107861e-06
0.828,6.3693277326161e-07,-2.489771959527844e-06,1.5646886769598495e-06,-1.808685865770994e-06
0.832,-1.2578311639198838e-07,-2.6750952185740607e-06,5.735648953041025e-07,-1.9296581641543305e-06
0.836,-1.0948009906868009e-06,-2.2987644281557732e-06,-5.824075802085386e-07,-1.7583564754929068e-06
0.84,-1.772613424209353e-06,-1.4724814811881793e-06,-1.3892737481092129e-06,-1.3468015026987023e-06
0.844,-1.7950214778583896e-06,-4.796135185098679e-07,-1.4880427579835384e-06,-8.557509340933642e-07
0.848,-1.1181848122034312e-06,3.7065296204094933e-07,-8.46017645800821e-07,-4.426490173488414e-07
0.852,-3.083728954213197e-08,8.96947896288927e-07,2.3413348525926165e-07,-1.5147890827389886e-07
0.856,1.006830952036093e-06,1.1276860989431858e-06,1.2669087355933173e-06,1.2394611390462182e-07
0.86,1.5966345160490842e-06,1.2679099351144476e-06,1.810942948555632e-06,5.731729923301637e-07
0.864,1.5740272481768582e-06,1.5703696237629713e-06,1.6508116168861234e-06,1.334545967807772e-06
0.868,1.0396557934975635e-06,2.1801453141774305e-06,8.553744449121014e-07,2.374944943328192e-06
0.872,2.5789040233188955e-07,3.0337917875498146e-06,-2.931026366883194e-07,3.459172304488044e-06
0.876,-5.010977928533875e-07,3.869723737584453e-06,-1.4446131087822752e-06,4.24002727192678e-06
0.88,-1.0723758010185008e-06,4.3470612143100526e-06,-2.3105968241172385e-06,4.425150318456691e-06
0.884,-1.4152085372230487e-06,4.207383997937966e-06,-2.7294002965677385e-06,3.925745096527408e-06
0.888,-1.556155061809889e-06,3.3972293059642498e-06,-2.6620755911289955e-06,2.902576773190979e-06
0.892,-1.519230711348514e-06,2.087208633962156e-06,-2.155567835770862e-06,1.6781998418300635e-06
0.896,-1.3047668085016827e-06,5.865242916317527e-07,-1.3203359115791537e-06,5.686461277323447e-07
0.9,-9.300683387636704e-07,-7.953895154096284e-07,-3.351417201598346e-07,-2.6671875520744364e-07
0.904,-4.784269440969271e-07,-1.867019404177881e-06,5.587382997283591e-07,-8.721871909451149e-07
0.908,-9.73265623865394e-08,-2.59535146531823e-06,1.1082005622996038e-06,-1.417727266738929e-06
0.912,7.186789426285652e-08,-3.0592695613969638e-06,1.147738924734813e-06,-2.0500438575129187e-06
0.916,-3.295517558257084e-09,-3.35839795763103e-06,7.01932929556332e-07,-2.769374267585584e-06
0.92,-1.8503182934417363e-07,-3.5346908134890936e-06,2.2516338511088305e-08,-3.4069378096821616e-06
0.924,-2.0991964757108362e-07,-3.5545579003160343e-06,-4.926232909639933e-07,-3.7202158476757523e-06
0.928,1.6489098426204419e-07,-3.350701427799697e-06,-4.854294592511449e-07,-3.5416354025247826e-06
0.932,9.872086852672888e-07,-2.8878320431227863e-06,1.5605715148900324e-07,-2.887333650317601e-06
0.936,2.0205767070284786e-06,-2.202942228185682e-06,1.1951791952770393e-06,-1.9588255852833704e-06
0.94,2.8142825122835807e-06,-1.3953463582445168e-06,2.1275979230352247e-06,-1.0381645776437976e-06
0.944,2.915833436977681e-06,-5.771495556827513e-07,2.425142747223352e-06,-3.39678274384649e-07
0.948,2.120230446173116e-06,1.7940259047073306e-07,1.8225609715352913e-06,9.125229014651222e-08
0.952,6.146568075171684e-07,8.591258108963268e-07,4.901498947094694e-07,3.739742632543927e-07
0.956,-1.0703686337889872e-06,1.4731638260339595e-06,-1.0138049333296597e-06,6.88540909122752e-07
0.96,-2.2915326976224107e-06,2.0052075567735674e-06,-2.00150505795911e-06,1.1402104599706454e-06
0.964,-2.5969248297478266e-06,2.376252282650252e-06,-1.9991658969338824e-06,1.6759888067242699e-06
0.968,-1.9424105338903864e-06,2.4659123844151605e-06,-9.90950803210487e-07,2.107828112544844e-06
0.972,-7.020767513965162e-07,2.184056301445443e-06,5.751119561493e-07,2.224316204076877e-06
0.976,5.260117180277407e-07,1.5533270856777959e-06,2.01763754517639e-06,1.9261560878973572e-06
0.98,1.2143295419347812e-06,7.443302718836527e-07,2.763669051764583e-06,1.2991714560420526e-06
0.984,1.14530458571984e-06,2.822034040497549e-08,2.613229130127559e-06,5.823448110286356e-07
0.988,4.814883389466806e-07,-3.362704061635483e-07,1.7909752868072478e-06,5.1467748946419016e-08
0.992,-3.5969108990419374e-07,-2.3194213039325667e-07,7.682210575780294e-07,-1.2210642791429404e-07
0.996,-9.432223772915038e-07,2.410444825416069e-07,-2.428394940754189e-08,4.104168930708139e-08
1.0,-1.0332607698136768e-06,7.902676250402628e-07,-4.2022959021075275e-07,3.409640855926372e-07
1.004,-6.844324945181416e-07,1.0541812151318504e-06,-5.590958991827164e-07,5.006100358589417e-07
1.008,-1.745953138641637e-07,7.699482428766311e-07,-7.376596055831466e-07,3.0603165510155344e-07
1.012,1.645655538629497e-07,-9.539710264720123e-08,-1.179358223251515e-06,-2.880483158580038e-07
1.016,1.1972342251356223e-07,-1.3112222445353221e-06,-1.8712223045787232e-06,-1.132893829598955e-06
1.02,-3.117843672129948e-07,-2.4634114555129358e-06,-2.5651805224193888e-06,-1.9485119314563117e-06
1.024,-9.436599730632344e-07,-3.1132735452434804e-06,-2.935226176001572e-06,-2.4386167850388615e-06
1.028,-1.5018236165430969e-06,-2.97004673454759e-06,-2.7790073122365304e-06,-2.4058061197231613e-06
1.032,-1.7418637491516944e-06,-2.0061479403315283e-06,-2.13290633402111e-06,-1.8205809066163691e-06
1.036,-1.5329031495922781e-06,-4.7148328857651524e-07,-1.2389278194698878e-06,-8.215770330677672e-07
1.04,-8.860383415502311e-07,1.197399936430129e-06,-3.9335291027552016e-07,3.456270189493765e-07
1.044,6.071564159981981e-08,2.529872427787612e-06,2.162154860070898e-07,1.4149126462673642e-06
1.048,1.0827810945091228e-06,3.1791947784389662e-06,5.820068988955538e-07,2.1759749785447935e-06
1.052,1.919991875582216e-06,3.030861325608503e-06,8.17563990553089e-07,2.518948897617323e-06
1.056,2.336191578755149e-06,2.221735497796899e-06,1.023971749381585e-06,2.4365639178735514e-06
1.06,2.1899406248136196e-06,1.0705558413633538e-06,1.1897865523441306e-06,1.995666751397861e-06
1.064,1.500364304527879e-06,-5.16234455987639e-08,1.200910225645456e-06,1.2984192828702878e-06
1.068,4.730205696627037e-07,-8.609881420674166e-07,9.534162775672182e-07,4.523990440981349e-07
1.072,-5.444585427217631e-07,-1.2521753633807366e-06,4.883323518330727e-07,-4.386290006508122e-07
1.076,-1.182981231389541e-06,-1.308351787981977e-06,3.737420954607015e-08,-1.269252929425547e-06
1.08,-1.2060012534178964e-06,-1.2300796300424468e-06,-7.296990727788592e-08,-1.92690173715596e-06
1.084,-6.273537357138459e-07,-1.2196374709933127e-06,3.8469083643811885e-07,-2.3011567405946733e-06
1.088,2.7519976303137936e-07,-1.3750129147202757e-06,1.3629951589598007e-06,-2.3105554101460384e-06
1.092,1.0726854645768772e-06,-1.643704001710369e-06,2.503662983968414e-06,-1.9369208992679057e-06
1.096,1.379431171863245e-06,-1.8584447594976432e-06,3.283591120401863e-06,-1.2489525882598777e-06
1.1,1.0359091271661824e-06,-1.8312146970034167e-06,3.2755889675147867e-06,-3.957853980303162e-07
1.104,1.8374245811052898e-07,-1.457782199435385e-06,2.380330237315633e-06,4.30714397980877e-07
1.108,-8.039050532893334e-07,-7.758882254099391e-07,8.977433488332461e-07,1.0530920499957037e-06
1.112,-1.505613858872475e-06,4.732272912758175e-08,-6.126064308534373e-07,1.3574698714647733e-06
1.116,-1.6531719695147717e-06,7.889967675493543e-07,-1.6102120171367415e-06,1.3172004753158495e-06
1.12,-1.2472290783488335e-06,1.2651218245202046e-06,-1.8386027313510203e-06,9.836904750037107e-07
1.124,-5.366283374837555e-07,1.3965615420183808e-06,-1.4371648586311266e-06,4.544329587795788e-07
1.128,1.2087327024508657e-07,1.2228749896053585e-06,-8.421257528408053e-07,-1.5842768389784495e-07
1.132,4.3556698134531737e-07,8.640620884711638e-07,-5.382254903658748e-07,-7.50043428899247e-07
1.136,3.109529366932291e-07,4.592282625199091e-07,-7.985635458366186e-07,-1.230586030946363e-06
1.14,-1.3921253876163314e-07,1.2074553989630402e-07,-1.5515674387740472e-06,-1.5246105482582266e-06
1.144,-6.762035754428529e-07,-8.195804048780719e-08,-2.4377905405912398e-06,-1.5758999551483165e-06
1.148,-1.061907983766407e-06,-1.1547622259249785e-07,-3.010790982295889e-06,-1.3598929662055982e-06
1.152,-1.157445511547534e-06,2.955397773591019e-08,-2.967765186329323e-06,-8.963482910984988e-07
1.156,-9.554040626360162e-07,3.3708480583858227e-07,-2.289051969323447e-06,-2.5208922366618275e-07
1.16,-5.4601238174002e-07,7.515495362835925e-07,-1.2219673653876196e-06,4.717513363890943e-07
1.164,-5.712527876533798e-08,1.1668941686152911e-06,-1.3708508498433736e-07,1.1629629956820217e-06
1.168,3.958152049164278e-07,1.438293660261983e-06,6.556479669584845e-07,1.7190367282573549e-06
1.172,7.294464119421932e-07,1.4241639465071925e-06,1.0328035102853738e-06,2.056646890919802e-06
1.176,8.891385188587308e-07,1.0474597082646765e-06,1.0713158342626582e-06,2.114343765094417e-06
1.18,8.485689052501796e-07,3.4461180912584227e-07,9.658849399865448e-07,1.8576470561992444e-06
1.184,6.217077100088113e-07,-5.280615277101386e-07,9.086192780713277e-07,1.2966223999510175e-06
1.188,2.791787400299462e-07,-1.3383260602212038e-06,9.981896849041565e-07,5.136110284234385e-07
1.192,-5.607283090647528e-08,-1.8611387990794249e-06,1.2163014713893745e-06,-3.2523838349537396e-07
1.196,-2.417325733423754e-07,-1.9620436956125207e-06,1.472787460947251e-06,-9.943887572432473e-07
1.2,-1.753244330333699e-07,-1.646220209524181e-06,1.6741785846636114e-06,-1.2805324273993837e-06
1.204,1.4811102841306778e-07,-1.050074226472871e-06,1.769518433558103e-06,-1.076981159229533e-06
1.208,6.21974467919449e-07,-3.782387401992492e-07,1.7595182926423791e-06,-4.509348348901602e-07
1.212,1.0666710563248623e-06,1.8114325791649767e-07,1.6706875524605304e-06,3.5817651002888434e-07
1.216,1.3050504695595136e-06,5.236504006799196e-07,1.5197916898877668e-06,1.0249079785470074e-06
1.22,1.2400654866964486e-06,6.467029909203941e-07,1.297041965851657e-06,1.2712755153175834e-06
1.224,8.876987780066242e-07,6.144493965255578e-07,9.736733517196895e-07,9.83227978695669e-07
1.228,3.5260151891990125e-07,4.940536575197952e-07,5.25959256626026e-07,2.493942892149997e-07
1.232,-2.353649751934459e-07,3.049256526549785e-07,-4.3617498647067645e-08,-6.948310570989153e-07
1.236,-7.841425079355838e-07,1.0563997314932372e-08,-7.007181811045984e-07,-1.5859866643338278e-06
1.24,-1.2637699846518095e-06,-4.3691224295153664e-07,-1.387947297581914e-06,-2.243231364167525e-06
1.244,-1.6807111317970054e-06,-1.0273745879928579e-06,-2.035501712298432e-06,-2.6109154622307994e-06
1.248,-2.0260918739590353e-06,-1.6444032003866913e-06,-2.56578102332253e-06,-2.7218644070915087e-06
1.252,-2.2387545607220536e-06,-2.0824949668192555e-06,-2.8945813204109924e-06,-2.6241449969674194e-06
1.256,-2.2123938512515133e-06,-2.1299003662244968e-06,-2.936108276210736e-06,-2.3269600809521607e-06
1.26,-1.8504634977434056e-06,-1.6845825026567182e-06,-2.623702727618986e-06,-1.8097159567417614e-06
1.264,-1.1399558530295824e-06,-8.360884739427375e-07,-1.9474681520237555e-06,-1.0813361951888551e-06
1.268,-1.94220536946423e-07,1.455728721994409e-07,-9.867898542275868e-07,-2.3449440174302096e-07
1.272,7.612875755572552e-07,9.252687228937858e-07,8.387264891866784e-08,5.613880259572419e-07
1.276,1.4660302384452065e-06,1.2689888003645567e-06,1.0376075667343068e-06,1.1395563470895998e-06
1.28,1.7288552114716929e-06,1.171535850979196e-06,1.672728724953654e-06,1.4411524760965982e-06
1.284,1.5074597959724696e-06,8.676592129352404e-07,1.8900873737793785e-06,1.570353292804487e-06
1.288,9.312827428124027e-07,7.078547982636158e-07,1.7337077402399834e-06,1.7463437730654437e-06
1.292,2.515068535984886e-07,9.563074411892183e-07,1.3660141177372613e-06,2.161142542176484e-06
1.296,-2.578176361215784e-07,1.624630660594314e-06,9.889134854750191e-07,2.826898190981616e-06
1.3,-4.041847104535062e-07,2.4403794532149192e-06,7.498615153234086e-07,3.5151997595042695e-06
1.304,-1.464173054953879e-07,2.9773573355222094e-06,6.823824642839848e-07,3.845722705704208e-06
1.308,3.984028195310872e-07,2.8834174887254593e-06,7.131379743417496e-07,3.4900739682503083e-06
1.312,1.0048335279748535e-06,2.0764327385523617e-06,7.229223717132777e-07,2.376127082483538e-06
1.316,1.423459854504206e-06,7.935670472634054e-07,6.218668921921019e-07,7.659622974162928e-07
1.32,1.469016147704329e-06,-5.365914061138672e-07,3.930516309743705e-07,-8.512231406930896e-07
1.324,1.0816505052360284e-06,-1.5235609061846601e-06,8.258930156070613e-08,-1.9992624704660952e-06
1.328,3.4588071651509077e-07,-2.011306234698453e-06,-2.467818263288095e-07,-2.4528506882359365e-06
1.332,-5.386732852798399e-07,-2.125384846261629e-06,-5.607842938381924e-07,-2.3343857438840204e-06
1.336,-1.324078490873928e-06,-2.1471097791962547e-06,-8.619788971945947e-07,-2.011085248835353e-06
1.34,-1.794475763575496e-06,-2.2980684081083065e-06,-1.1551365926344003e-06,-1.8567187066221542e-06
1.344,-1.841308612425478e-06,-2.5749992795098545e-06,-1.4047912377430962e-06,-2.023233186707832e-06
1.348,-1.5007221502007826e-06,-2.742421667103085e-06,-1.5197816032538385e-06,-2.3617619789658635e-06
1.352,-9.403446004109885e-07,-2.491491668288308e-06,-1.3897487917097965e-06,-2.539151186383707e-06
1.356,-3.9579829357272184e-07,-1.6640104037631094e-06,-9.573076092094394e-07,-2.270447289178994e-06
1.36,-7.323596154862074e-08,-3.9938150868994744e-07,-2.76561747943578e-07,-1.5197383485557146e-06
1.364,-6.246673936861828e-08,8.970574561278471e-07,4.832778835016581e-07,-5.387457561212751e-07
1.368,-2.9591020172974704e-07,1.7523499591283348e-06,1.104684271640983e-06,2.806654887385673e-07
1.372,-5.775530461172645e-07,1.87557151047179e-06,1.4241071451353828e-06,6.437204215794041e-07
1.376,-6.76054712174724e-07,1.3145552195921872e-06,1.4081336354428784e-06,5.310320211495441e-07
1.38,-4.4010999568888853e-07,4.246521689246174e-07,1.1581048142874413e-06,2.0072168709930928e-07
1.384,1.2190431248223867e-07,-3.303677785467732e-07,8.427183935178968e-07,1.2641030620111903e-08
1.388,8.393455680333258e-07,-6.224585072444159e-07,6.014455159956938e-07,1.9424462085170502e-07
1.392,1.4544330434487067e-06,-4.0851269576871944e-07,4.723845881815578e-07,6.966802113546754e-07
1.396,1.7419615123866053e-06,9.141080741737825e-08,3.9140980126409836e-07,1.2317197194494008e-06
1.4,1.6179004284502241e-06,5.596230694738645e-07,2.6103785525485036e-07,1.467578069431941e-06
1.404,1.1718768943727464e-06,7.77333214366915e-07,3.232192550419711e-08,1.2563403050145602e-06
1.408,6.095523569845599e-07,7.320572997815775e-07,-2.5514319043242485e-07,7.459218780781459e-07
1.412,1.3591788793331818e-07,5.819455414280802e-07,-5.022166013216782e-07,3.012309051966228e-07
1.416,-1.5280423293371781e-07,5.192858861175372e-07,-6.221732362091956e-07,2.8307054034404054e-07
1.42,-3.033664431737818e-07,6.300202282457214e-07,-6.028172885022059e-07,8.179836771923926e-07
1.424,-4.505553414193346e-07,8.430833527088584e-07,-5.157819765515093e-07,1.7018333127443625e-06
1.428,-7.077587806367866e-07,9.910188440680247e-07,-4.666936900857766e-07,2.4935070692155733e-06
1.432,-1.0729228680216799e-06,9.323378496252139e-07,-5.222119590090394e-07,2.7438566785527393e-06
1.436,-1.4143334100247929e-06,6.483779741055613e-07,-6.678896027441118e-07,2.2288475967555047e-06
1.44,-1.5514529622016158e-06,2.4675436826199594e-07,-8.270768507578063e-07,1.053020886693071e-06
1.444,-1.3860952642199767e-06,-1.2208934454065486e-07,-9.280718132285835e-07,-4.2020295136453167e-07
1.448,-9.939029662626561e-07,-3.7043611277556963e-07,-9.64277154664654e-07,-1.7572757747211637e-06
1.452,-6.105590074301069e-07,-5.233901932320516e-07,-1.0010631905748966e-06,-2.646959933314267e-06
1.456,-5.01373089530643e-07,-6.805130475293504e-07,-1.1135010747891508e-06,-2.995523744922421e-06
1.46,-7.825048516031156e-07,-9.192188060356016e-07,-1.2957588070951027e-06,-2.8958999145739813e-06
1.464,-1.304962729987921e-06,-1.2141844335621374e-06,-1.4120830343422382e-06,-2.5207437931217006e-06
1.468,-1.6827337621794713e-06,-1.434603470018495e-06,-1.2349401346725875e-06,-2.0192949501790623e-06
1.472,-1.475821421370965e-06,-1.4273837778476706e-06,-5.658687536361362e-07,-1.4773999386958209e-06
1.476,-4.3946270141005696e-07,-1.1344496721230956e-06,6.261485552875339e-07,-9.440038616247345e-07
1.48,1.2983620958301884e-06,-6.592945986693359e-07,2.1344584679530945e-06,-4.74329174813529e-07
1.484,3.2353383474210576e-06,-2.2772466822052616e-07,3.562013713548239e-06,-1.3765238544457807e-07
1.488,4.694462285190004e-06,-6.044530273303804e-08,4.47862277208597e-06,2.1592848268498216e-08
1.492,5.128602363753068e-06,-2.3024632392567163e-07,4.606634522708252e-06,3.725180474640186e-08
1.496,4.374038327278851e-06,-5.967309611167818e-07,3.938443954221951e-06,3.679825163115889e-08
1.5,2.727207544120221e-06,-8.693615471338706e-07,2.7323495681402766e-06,1.8650311668286368e-07
1.504,7.987283026475389e-07,-7.682973680250448e-07,1.3875949577570908e-06,5.893898979816204e-07
1.508,-7.765913061120056e-07,-1.93225648294715e-07,2.6732377622812527e-07,1.1985374854598137e-06
1.512,-1.6200788448120512e-06,6.935455171546157e-07,-4.40459609727237e-07,1.8034567262843436e-06
1.516,-1.7411222903742898e-06,1.5298764205958074e-06,-7.657828431193558e-07,2.1178825915488233e-06
1.52,-1.467597949574446e-06,1.9334064895308556e-06,-8.995947010474765e-07,1.9265471237470895e-06
1.524,-1.2321501276266992e-06,1.7009422277068603e-06,-1.083055707035077e-06,1.210906507308519e-06
1.528,-1.3373796461049944e-06,9.235154368660121e-07,-1.4976361847336591e-06,1.8487774655206092e-07
1.532,-1.828343828341523e-06,-4.923324223282416e-08,-2.2021433842190778e-06,-7.879768769549626e-07
1.536,-2.5201997090391085e-06,-7.756107928019546e-07,-3.1251991983392126e-06,-1.3512988820134408e-06
1.54,-3.136537960585853e-06,-9.329742843802323e-07,-4.0945837295477875e-06,-1.3079110308690664e-06
1.544,-3.4650565280146337e-06,-4.650348137781035e-07,-4.883817179834279e-06,-6.943434400583726e-07
1.548,-3.436457394120934e-06,4.040992018918652e-07,-5.26175619083278e-06,2.4991830289599345e-07
1.552,-3.098405004098338e-06,1.28614875908935e-06,-5.043764685100037e-06,1.1892833597976853e-06
1.556,-2.5256206286296346e-06,1.8117664819654526e-06,-4.142752548840635e-06,1.820534444560707e-06
1.56,-1.7453832461175695e-06,1.786881972628198e-06,-2.609177565127292e-06,1.9666015106899135e-06
1.564,-7.331230498603372e-07,1.2516594307841497e-06,-6.375835988777817e-07,1.6093476388736463e-06
1.568,5.229888577577522e-07,4.263508135293221e-07,1.473933818680355e-06,8.665749194967794e-07
1.572,1.936539377985584e-06,-4.1550301295855707e-07,3.398982761263937e-06,-6.50940853069439e-08
1.576,3.290149107495321e-06,-1.072075730134035e-06,4.868623187577973e-06,-9.72673665937347e-07
1.58,4.2949890452131486e-06,-1.474237182167464e-06,5.734234994050074e-06,-1.6766291549731213e-06
1.584,4.71286157833597e-06,-1.6680021014088017e-06,5.9787987839714246e-06,-2.0675788724003767e-06
1.588,4.4744905189364074e-06,-1.7446123703386946e-06,5.683432471649949e-06,-2.1280215270879026e-06
1.592,3.7217225840613003e-06,-1.7651265983548257e-06,4.973272607609074e-06,-1.9273565126246573e-06
1.596,2.744841221146e-06,-1.7285936598394334e-06,3.975609653945543e-06,-1.590797603720006e-06
1.6,1.8444525323791932e-06,-1.5927744559162468e-06,2.8050409531411263e-06,-1.2478172639927489e-06
1.604,1.1928066615117055e-06,-1.3268165930832522e-06,1.569104124782346e-06,-9.789983571458876e-07
1.608,7.72614137460112e-07,-9.565220820879192e-07,3.795278370065562e-07,-7.888595763817097e-07
1.612,4.181291650949036e-07,-5.68452617616396e-07,-6.551317889247051e-07,-6.187487275678733e-07
1.616,-7.079950183351855e-08,-2.679533519561572e-07,-1.4584016732639733e-06,-3.944812777502471e-07
1.62,-8.054254823266415e-07,-1.1680353949804457e-07,-2.013986257179389e-06,-8.261465328999976e-08
1.624,-1.7440077031440221e-06,-9.134442226528911e-08,-2.3709375785916794e-06,2.761035412076286e-07
1.628,-2.7104104463098623e-06,-8.380380521209482e-08,-2.6136228759570065e-06,5.825480154487239e-07
1.632,-3.48362499546126e-06,4.8205221962335084e-08,-2.8175271292214955e-06,7.361022505891211e-07
1.636,-3.898641261444214e-06,4.099658518992564e-07,-3.009922054022381e-06,7.010642354158995e-07
1.64,-3.904363978630582e-06,1.0126980296787133e-06,-3.156388445301138e-06,5.414895048876452e-07
1.644,-3.560032118968853e-06,1.7614024724603093e-06,-3.1827368209874267e-06,4.0297928063036955e-07
1.648,-2.9815688857595184e-06,2.489053442928296e-06,-3.0155850811217012e-06,4.4502983734511717e-07
1.652,-2.277420982709195e-06,3.018017045205539e-06,-2.6178509974234885e-06,7.562686868267528e-07
1.656,-1.5095029138176754e-06,3.2181165891091543e-06,-2.0021156065419053e-06,1.298136355184046e-06
1.66,-6.98407276378488e-07,3.0373544626141536e-06,-1.226747685105909e-06,1.9066078684668353e-06
1.664,1.370563790573311e-07,2.4986460318208036e-06,-3.8616373520250293e-07,2.3519522692039326e-06
1.668,9.405175726852026e-07,1.6754704715101106e-06,4.0165010787028047e-07,2.4308662374210403e-06
1.672,1.6072719096276509e-06,6.629937153455628e-07,1.0097200036947596e-06,2.046211447807429e-06
1.676,2.0177833137417212e-06,-4.363332552696635e-07,1.3338927330806628e-06,1.2456613151503974e-06
1.68,2.1014959462356768e-06,-1.5152498930079254e-06,1.3429543771001569e-06,2.018253917651111e-07
1.684,1.8902824263727336e-06,-2.4593320864603828e-06,1.1200531547649122e-06,-8.501276606012855e-07
1.688,1.530154010919083e-06,-3.153533150296296e-06,8.651553889141216e-07,-1.6885907942602668e-06
1.692,1.231695351090283e-06,-3.5031120126255524e-06,8.320128334524463e-07,-2.1665334051797276e-06
1.696,1.1769902149341139e-06,-3.46082095043305e-06,1.211963074238941e-06,-2.238071698199008e-06
1.7,1.4264731889380028e-06,-3.0493921953504494e-06,2.018242398897062e-06,-1.9529997981631276e-06
1.704,1.869674384153441e-06,-2.3677683622228703e-06,3.0340524415320723e-06,-1.4320113994498486e-06
1.708,2.254619425297978e-06,-1.5734503333172854e-06,3.872487084644924e-06,-8.343414329231796e-07
1.712,2.293403877423447e-06,-8.444046882120394e-07,4.139198783379475e-06,-3.2807558309881267e-07
1.716,1.7977166451960042e-06,-3.2818445721613415e-07,3.6208306614641337e-06,-5.896945029128558e-08
1.72,7.825844507440011e-07,-9.645707472114746e-08,2.4013715770052682e-06,-1.162289419229282e-07
1.724,-5.205308962220621e-07,-1.233770704648176e-07,8.32242155790667e-07,-5.016668692025317e-07
1.728,-1.7508696064806375e-06,-2.9311388098661757e-07,-6.310997624982515e-07,-1.1121651473692778e-06
1.732,-2.571770687256354e-06,-4.3588448147154966e-07,-1.6437725382287372e-06,-1.7500504814158542e-06
1.736,-2.8155182465888762e-06,-3.8456125837211746e-07,-2.1187037659191783e-06,-2.1734483442231054e-06
1.74,-2.5496047710560547e-06,-3.650311600542348e-08,-2.2285766403247885e-06,-2.1803773510723637e-06
1.744,-2.027555653219099e-06,6.041062741652871e-07,-2.2645401542240473e-06,-1.691480241234907e-06
1.748,-1.5496550173541963e-06,1.4227405543386475e-06,-2.439221748663302e-06,-7.917270480321883e-07
1.752,-1.3085906590032972e-06,2.2353778045259276e-06,-2.7540888673912555e-06,2.954638600181735e-07
1.756,-1.299294099047707e-06,2.8563181634932976e-06,-3.006547634110846e-06,1.296154999848612e-06
1.76,-1.3401136188756647e-06,3.1632240474585054e-06,-2.9290226727696437e-06,1.996206669234299e-06
1.764,-1.1924072020014862e-06,3.132139952447162e-06,-2.3708371261454644e-06,2.320448027483162e-06
1.768,-7.064559761300069e-07,2.8266810066598208e-06,-1.4076191755274685e-06,2.3409170131423516e-06
1.772,8.272727272146455e-08,2.350301256680708e-06,-3.153709543296246e-07,2.2129675328452743e-06
1.776,9.653193662745393e-07,1.790590430150475e-06,5.750406625593613e-07,2.0796768848677062e-06
1.78,1.6630244320179002e-06,1.1847151986828184e-06,1.0508962574267289e-06,1.997830545273762e-06
1.784,1.9678636317870077e-06,5.258288416228902e-07,1.1132878420878927e-06,1.9285248111257257e-06
1.788,1.8390362191782808e-06,-1.9997737368820513e-07,9.452337023782675e-07,1.7884337661859241e-06
1.792,1.406496693174811e-06,-9.722057104015488e-07,7.807039810985083e-07,1.5195845759643962e-06
1.796,8.836143691353156e-07,-1.7199807106771283e-06,7.598919277829351e-07,1.1282038995116156e-06
1.8,4.5055093300409643e-07,-2.341829704559156e-06,8.647131265334171e-07,6.68295869253379e-07
1.804,1.7506972030115683e-07,-2.749415269656241e-06,9.6691904081818e-07,1.8757994636700244e-07
1.808,1.3558842730828309e-08,-2.9095138183344723e-06,9.487609729041625e-07,-3.2071532962165106e-07
1.812,-1.1880956404521066e-07,-2.8551723543596867e-06,8.086408508807447e-07,-9.142852106974467e-07
1.816,-2.6379369927845476e-07,-2.661146032308494e-06,6.756674921013994e-07,-1.641914423360647e-06
1.82,-3.8183569453932635e-07,-2.3988827890187323e-06,7.21683849186784e-07,-2.4668570362770654e-06
1.824,-3.873783621279688e-07,-2.1035346028996437e-06,1.0260954549490054e-06,-3.235607960893304e-06
1.828,-2.2925595278603115e-07,-1.7714570821830447e-06,1.485639408444183e-06,-3.724685596295111e-06
1.832,3.6970783516394795e-08,-1.3874354063317163e-06,1.8308268456246785e-06,-3.749539692917534e-06
1.836,2.4389444907075344e-07,-9.578096994745209e-07,1.7528636038303584e-06,-3.271162296138624e-06
1.84,1.9222854085342814e-07,-5.236907500611678e-07,1.075512531587339e-06,-2.433726782854617e-06
1.844,-2.264279250609663e-07,-1.4120472268708414e-07,-1.2444138440087834e-07,-1.4998126017930677e-06
1.848,-9.314751234889587e-07,1.6083443612980257e-07,-1.5158327040001124e-06,-7.136474301145043e-07
1.852,-1.6498466905855408e-06,4.1581450353172635e-07,-2.640074029343762e-06,-1.739490265348364e-07
1.856,-2.024039547091164e-06,7.138691701590335e-07,-3.105415380601173e-06,2.0282970483903445e-07
1.86,-1.785666351041515e-06,1.1530626800621764e-06,-2.7541243086616383e-06,6.064410892569671e-07
1.864,-9.069643562231014e-07,1.770888989435207e-06,-1.7261827226758485e-06,1.1909213132639006e-06
1.868,3.5591152857895274e-07,2.499017616152955e-06,-3.9343369462932023e-07,1.9571998239601127e-06
1.872,1.5564242010509514e-06,3.170851135945044e-06,7.980168796397883e-07,2.7338973462277592e-06
1.876,2.2492917143153605e-06,3.5871275233897575e-06,1.5022744114863242e-06,3.2736573341529506e-06
1.88,2.1897063042930107e-06,3.6087709014191863e-06,1.5915175044827096e-06,3.4033168823928697e-06
1.884,1.4416002317756615e-06,3.223167664069446e-06,1.1768412648798954e-06,3.1287351678865182e-06
1.888,3.4262637187223674e-07,2.542735157684096e-06,5.347871509232036e-07,2.6243145383293747e-06
1.892,-6.570452882984261e-07,1.7376677402235447e-06,-2.24235850527675e-08,2.1142194369407015e-06
1.896,-1.1990259156477618e-06,9.426687930760704e-07,-2.7362130667513053e-07,1.722971450675246e-06
1.9,-1.1651242980638482e-06,1.939723799157765e-07,-1.6352664628364136e-07,1.3931256251856183e-06
1.904,-7.045603598736588e-07,-5.641704405170669e-07,1.9348437479689486e-07,9.271553722338688e-07
1.908,-1.3477737896381733e-07,-1.406296222791534e-06,5.733917408137457e-07,1.3093738272178302e-07
1.912,2.257388100055453e-07,-2.3325279897206348e-06,7.410200795986285e-07,-1.0310830667166612e-06
1.916,2.0869717736711674e-07,-3.2168243589690797e-06,5.488743027860169e-07,-2.3692681177170627e-06
1.92,-1.4219509483321094e-07,-3.837854105690677e-06,-1.441317171057973e-09,-3.5393487446067665e-06
1.924,-6.20975089109039e-07,-3.9855664659821205e-06,-7.593021678839314e-07,-4.213037247883068e-06
1.928,-9.779681892042649e-07,-3.5871815115640343e-06,-1.481323729284384e-06,-4.247621901606264e-06
1.932,-1.0415644046100373e-06,-2.774432849064808e-06,-1.9225982002665094e-06,-3.7520747403495822e-06
1.936,-7.854637959386159e-07,-1.8467713300265913e-06,-1.9322087194545766e-06,-3.0126781254025945e-06
1.94,-3.1773572532353587e-07,-1.13767837840412e-06,-1.5128845037005479e-06,-2.3229311246515056e-06
1.944,1.902671884672296e-07,-8.485264902803858e-07,-8.188593600162145e-07,-1.8194431506276355e-06
1.948,5.898640928594522e-07,-9.409166381932384e-07,-9.122289810612228e-08,-1.422949664665846e-06
1.952,8.055396745008669e-07,-1.1493667350734772e-06,4.385643534007089e-07,-9.16025860340381e-07
1.956,8.419540977546571e-07,-1.1168756474158253e-06,6.447762152407441e-07,-1.0765474501344569e-07
1.96,7.531088702161172e-07,-5.830370968918548e-07,5.580959352201166e-07,1.0202672461003655e-06
1.964,5.998879783202635e-07,4.745197803196035e-07,3.468810848311329e-07,2.2734608038324374e-06
1.968,4.237085155391284e-07,1.8179681952640049e-06,2.3651576379268055e-07,3.3340159123804888e-06
1.972,2.3800336226156577e-07,3.0601761668953643e-06,3.965364407287657e-07,3.92445028595054e-06
1.976,3.967332113038323e-08,3.8445015609395365e-06,8.540282980173076e-07,3.946167020465414e-06
1.98,-1.7477493070822403e-07,4.000663516036998e-06,1.4727215004931944e-06,3.514358336898288e-06
1.984,-3.9931662770679706e-07,3.5990264217772935e-06,2.0091923870356688e-06,2.87641973466484e-06
1.988,-6.122130917156159e-07,2.8834854473025846e-06,2.225103712487389e-06,2.2683023485737174e-06
1.992,-7.749300947613438e-07,2.1310632882996913e-06,2.0021775926613927e-06,1.7983716135493755e-06
1.996,-8.354908290907583e-07,1.5202263819077764e-06,1.4022641499745306e-06,1.4260874783415022e-06
2.0,-7.404824709890986e-07,1.0774330052083536e-06,6.3980680473018e-07,1.036450833752769e-06
2.004,-4.6080084773358104e-07,7.183627818523325e-07,-2.1955798874165305e-08,5.530450714578731e-07
2.008,-1.8592125538876262e-08,3.404599444778392e-07,-3.9606130848036635e-07,5.343917438746979e-09
2.012,4.962937870795935e-07,-9.994738271624858e-08,-4.563723378765088e-07,-4.977575281267896e-07
2.016,9.35784309392192e-07,-5.730374102750555e-07,-3.404995155443627e-07,-8.678644890410645e-07
2.02,1.1382217542253672e-06,-1.0216918303995178e-06,-2.689595986040538e-07,-1.135757587191381e-06
2.024,9.952592543205156e-07,-1.4244390358552599e-06,-4.235619222830663e-07,-1.4696310027300248e-06
2.028,5.080178575888095e-07,-1.8221575178816707e-06,-8.53349670796543e-07,-2.0821294491916073e-06
2.032,-2.013105784603093e-07,-2.2838954989143126e-06,-1.4546009047488276e-06,-3.0731003867497307e-06
2.036,-9.323078523789546e-07,-2.8347721776163894e-06,-2.031789700818019e-06,-4.305137065228969e-06
2.04,-1.4845811819400937e-06,-3.396555626561812e-06,-2.399323142987641e-06,-5.401069194484091e-06
2.044,-1.7371277051905245e-06,-3.7922526411499224e-06,-2.4694829652383654e-06,-5.891128952273632e-06
2.048,-1.68306583926327e-06,-3.822982601467984e-06,-2.27462071196489e-06,-5.443122044121978e-06
2.052,-1.4045729401117878e-06,-3.3781724188656078e-06,-1.9178189919255233e-06,-4.0536366846868845e-06
2.056,-1.0099820555487415e-06,-2.5087873545100202e-06,-1.4907035672385762e-06,-2.081589971018823e-06
2.06,-5.705232517753688e-07,-1.4161207995754933e-06,-1.0132549163538186e-06,-9.34318922835856e-08
2.064,-9.883149476264642e-08,-3.584302026684764e-07,-4.361638844269577e-07,1.4054282238898773e-06
2.068,4.234161320997909e-07,4.72768088476463e-07,2.992847722828239e-07,2.2089912141811787e-06
2.072,9.914607387761355e-07,1.035006262961565e-06,1.1840398544949484e-06,2.4844430017759723e-06
2.076,1.5382788345776437e-06,1.4323805353847938e-06,2.0993003620131436e-06,2.6426940301966187e-06
2.08,1.9409580685090067e-06,1.8284742604297912e-06,2.8404792831981274e-06,3.0726917192566408e-06
2.084,2.0730134150892154e-06,2.330776977949309e-06,3.198719982088494e-06,3.893220718433641e-06
2.088,1.8747648510465941e-06,2.9176347168124117e-06,3.0588989854276056e-06,4.86650574349954e-06
2.092,1.3910193262603812e-06,3.451229399107208e-06,2.4553053755538754e-06,5.526532221307265e-06
2.096,7.533912781112054e-07,3.7604673173201515e-06,1.5582664198951313e-06,5.447375062645459e-06
2.1,1.1795372042340633e-07,3.7413478089498156e-06,6.040629629522862e-07,4.4987487170339984e-06
2.104,-4.061268830222431e-07,3.411886887213475e-06,-1.9508507156329694e-07,2.9423849374918567e-06
2.108,-7.917510909470184e-07,2.889152454051072e-06,-7.128051663406639e-07,1.3099902477954468e-06
2.112,-1.0751420530793052e-06,2.309516143522546e-06,-9.205569315216109e-07,1.328045946302195e-07
2.116,-1.294770386567623e-06,1.742990263523409e-06,-8.554764490702276e-07,-3.2816351761817713e-07
2.12,-1.4345765144584711e-06,1.1531690760167906e-06,-5.783554930186625e-07,-2.0720831163248099e-07
2.124,-1.4155609496207332e-06,4.3407561266301255e-07,-1.520179073808274e-07,5.566199732846337e-08
2.128,-1.14788349059069e-06,-5.037603689695877e-07,3.485166504552861e-07,-3.958245394905771e-08
2.132,-6.159163478135736e-07,-1.6503704313727937e-06,8.106869572278496e-07,-7.887973709006095e-07
2.136,5.755205028361081e-08,-2.8674301318037047e-06,1.0771697396299743e-06,-2.1392691969059734e-06
2.14,6.202164285678369e-07,-3.9340249143935005e-06,9.810964465531422e-07,-3.7347315411453927e-06
2.144,7.848537060084023e-07,-4.6405215134571e-06,4.17803058015334e-07,-5.107549378390632e-06
2.148,3.751112218270952e-07,-4.880091089553833e-06,-5.791885482133493e-07,-5.903735159492446e-06
2.152,-5.553045849888652e-07,-4.688172836668828e-06,-1.8063381946529502e-06,-6.018447391954022e-06
2.156,-1.694889575788617e-06,-4.2101354505529696e-06,-2.927432442740792e-06,-5.582937584787114e-06
2.16,-2.569833119649583e-06,-3.619018786607349e-06,-3.5770538877387336e-06,-4.835982952537217e-06
2.164,-2.736828993701028e-06,-3.026614547824335e-06,-3.4976014544290376e-06,-3.968877628305135e-06
2.168,-1.986517569303262e-06,-2.4375706120912228e-06,-2.648925610163348e-06,-3.0388596948869654e-06
2.172,-4.638790112894236e-07,-1.7664255603559782e-06,-1.2417122238752877e-06,-1.991530608317794e-06
2.176,1.363298984095595e-06,-9.046866579875581e-07,3.286009169650564e-07,-7.607925957631292e-07
2.18,2.880362316335281e-06,2.0008472653457106e-07,1.6197996323061985e-06,6.27716061759769e-07
2.184,3.5757424620313707e-06,1.4941820049232943e-06,2.3016939341622773e-06,2.021469214353312e-06
2.188,3.2553205110277445e-06,2.819911039604967e-06,2.272643591792938e-06,3.1990740626612152e-06
2.192,2.1178523934035274e-06,3.967308865296386e-06,1.6829191379605177e-06,3.981858974477736e-06
2.196,6.588438722654057e-07,4.7487372570691915e-06,8.605709886678122e-07,4.329048573430356e-06
2.2,-5.542063126100796e-07,5.060160212998412e-06,1.6881998522012573e-07,4.35697695008776e-06
2.204,-1.1283291098199775e-06,4.906422606262891e-06,-1.397515191599311e-07,4.271783614711764e-06
2.208,-9.944376511423437e-07,4.384173207347852e-06,-7.62509659371213e-09,4.253122223834683e-06
2.212,-3.9591829206077685e-07,3.6357885089460636e-06,4.3377986419619845e-07,4.353062692784303e-06
2.216,2.6876973776539617e-07,2.7972983633265574e-06,9.518680772980952e-07,4.466919407371147e-06
2.22,6.595548454948996e-07,1.9581557648885284e-06,1.3305785625240425e-06,4.385121562889941e-06
2.224,6.508810376428155e-07,1.1450869090081744e-06,1.4585785652436922e-06,3.896330831131664e-06
2.228,3.562565528085861e-07,3.3337913013366636e-07,1.3490433749373217e-06,2.8905965400040984e-06
2.232,1.9009776885988106e-08,-5.211714162081063e-07,1.0914025751229839e-06,1.4138327478268255e-06
2.236,-1.554956711650406e-07,-1.4423257935876933e-06,7.766840288097582e-07,-3.41640345419042e-07
2.24,-1.309780817593729e-07,-2.3983488869791994e-06,4.4076403541495886e-07,-2.096819520087358e-06
2.244,-5.8664342415384956e-08,-3.2884867315605022e-06,6.072838886436024e-08,-3.5685996308234187e-06
2.248,-1.7443799790778658e-07,-3.959818606136724e-06,-3.959597211953357e-07,-4.542887191167833e-06
2.252,-6.464483257487517e-07,-4.257494732098563e-06,-9.163850551820964e-07,-4.923911978743721e-06
2.256,-1.4593596604892468e-06,-4.0922866040069676e-06,-1.4218790155662198e-06,-4.750587004693978e-06
2.26,-2.3968029785513046e-06,-3.4920752311336224e-06,-1.7981187954789705e-06,-4.179082747230315e-06
2.264,-3.132056116051829e-06,-2.6107663044404828e-06,-1.9598986683226373e-06,-3.436676987621799e-06
2.268,-3.369554773877095e-06,-1.6803107796744365e-06,-1.9009126648670382e-06,-2.752608544738084e-06
2.272,-2.9638794556094155e-06,-9.198586999233218e-07,-1.6913153902845558e-06,-2.2833858313439923e-06
2.276,-1.9682926431391755e-06,-4.467403672204658e-07,-1.4270059798953096e-06,-2.0600658431173685e-06
2.28,-6.001102289828034e-07,-2.3337298454971303e-07,-1.1626304188169437e-06,-1.9800742790397393e-06
2.284,8.433702675064552e-07,-1.3451145948151873e-07,-8.773898279593723e-07,-1.853029953501105e-06
2.288,2.0763029081913815e-06,2.449441259693464e-08,-4.987334523879755e-07,-1.4898614217103992e-06
2.292,2.8869161401639554e-06,3.4735335328701763e-07,2.5164317307363376e-08,-7.955618939439681e-07
2.296,3.1677246340897863e-06,8.127142245876129e-07,6.57773706215793e-07,1.8145865368286538e-07
2.3,2.9227620030235883e-06,1.2957255077048452e-06,1.2634400676275398e-06,1.264408630286983e-06
2.304,2.262207708771308e-06,1.650958468999884e-06,1.6711052856414248e-06,2.2218110717151246e-06
2.308,1.3841188147997472e-06,1.8038776193533578e-06,1.7803685678286343e-06,2.8617023325468657e-06
2.312,5.318245118378794e-07,1.7921028418927878e-06,1.6368025062031944e-06,3.1000321039962857e-06
2.316,-6.896964996206095e-08,1.728267152163668e-06,1.4239976274910583e-06,2.9738780025637306e-06
2.32,-2.8272413288753715e-07,1.7103422815021733e-06,1.3603741060118657e-06,2.602659141497615e-06
2.324,-1.163810551997238e-07,1.7446150831946793e-06,1.5556689679344181e-06,2.1280766215103e-06
2.328,2.8146050832125506e-07,1.7321890556696974e-06,1.917816846278653e-06,1.6628354448470887e-06
2.332,6.740329092241068e-07,1.5331636030372173e-06,2.1696870341852753e-06,1.2668416813690046e-06
2.336,8.25535418047256e-07,1.0712669114073127e-06,1.9820224830405083e-06,9.53892787715846e-07
2.34,5.926477283854249e-07,4.0792525311207555e-07,1.1592509033183651e-06,7.11156397739971e-07
2.344,-2.5446180574600913e-08,-2.6888308393894817e-07,-2.2712374560348616e-07,5.130614855079785e-07
2.348,-8.887530247982388e-07,-7.408930619176375e-07,-1.831634223747063e-06,3.278640863767904e-07
2.352,-1.7676500320213578e-06,-8.861241252597893e-07,-3.1698579228323763e-06,1.2298535326825308e-07
2.356,-2.4192418511429863e-06,-7.547335666387165e-07,-3.82767687719065e-06,-1.2122833912768918e-07
2.36,-2.66280631024377e-06,-5.389122919379824e-07,-3.6401520264582615e-06,-3.898618779825425e-07
2.364,-2.4341055077673516e-06,-4.557282463958091e-07,-2.7524544312308574e-06,-6.252846287501618e-07
2.368,-1.8094239269086569e-06,-6.124197590145801e-07,-1.5410251873543066e-06,-7.452794800673247e-07
2.372,-9.899069403769828e-07,-9.387564460145477e-07,-4.4209955069237985e-07,-6.887645958839963e-07
2.376,-2.3941736461706575e-07,-1.231349282882782e-06,2.273885302074461e-07,-4.652810836011947e-07
2.38,2.119501797909808e-07,-1.2853539286870555e-06,3.753475726078e-07,-1.7753897201420084e-07
2.384,2.655970657587351e-07,-1.029751222034443e-06,1.3031241977248306e-07,1.0093970466317392e-08
2.388,9.026222179446764e-09,-5.826644671794789e-07,-2.5018600555002344e-07,-5.2053646516354624e-08
2.392,-3.117335535522138e-07,-1.892163693077726e-07,-5.025490630340221e-07,-4.154722283103456e-07
2.396,-4.0199922300197863e-07,-7.916758648926631e-08,-4.535170586741407e-07,-9.918834657681577e-07
2.4,-6.830379717042552e-08,-3.3431210444265586e-07,-6.099857938592737e-08,-1.5875724372246424e-06
2.404,6.669899558364419e-07,-8.399625591848326e-07,5.984808254359352e-07,-1.9949687901676863e-06
2.408,1.5565632900026123e-06,-1.350178577117606e-06,1.3738507869062654e-06,-2.0935806937563978e-06
2.412,2.2366593680211954e-06,-1.6219741955361833e-06,2.0866961642527444e-06,-1.902532509081525e-06
2.416,2.405828262762566e-06,-1.536321867476289e-06,2.5726916507814365e-06,-1.5544911928053303e-06
2.42,1.980266220095401e-06,-1.1397251891405934e-06,2.7177190198176586e-06,-1.2097669850972077e-06
2.424,1.1378304149035713e-06,-5.897678494508504e-07,2.4890656001491885e-06,-9.633805390946314e-07
2.428,2.2710980298666664e-07,-5.061860983679752e-08,1.9549186780677905e-06,-8.013369533084439e-07
2.432,-4.1362408132003044e-07,3.906734208135932e-07,1.2716493318496655e-06,-6.315827681862012e-07
2.436,-6.206592255337798e-07,7.395192376027974e-07,6.358177202975745e-07,-3.632951690290697e-07
2.44,-4.669476988033794e-07,1.0451835170010761e-06,2.0707686963918511e-07,2.3843036236324663e-08
2.444,-1.9708189446771728e-07,1.3335933543915762e-06,3.0221190031798475e-08,4.658153957728821e-07
2.448,-7.814164625641447e-08,1.5760640939778675e-06,3.261629878458017e-09,8.666487084070022e-07
2.452,-2.579409646712337e-07,1.7136878992194252e-06,-8.185858156956493e-08,1.1777820926258475e-06
2.456,-7.067747893420307e-07,1.7149940109901383e-06,-4.340250937716994e-07,1.4457866163139175e-06
2.46,-1.2589457868574013e-06,1.6170294198251126e-06,-1.140961061472149e-06,1.7883554258803085e-06
2.464,-1.71128760335888e-06,1.5108747381391803e-06,-2.0931663355879477e-06,2.304765813025329e-06
2.468,-1.913526728833317e-06,1.4737415789912945e-06,-3.0046782031109978e-06,2.973130887917771e-06
2.472,-1.8075045692240142e-06,1.495750170914673e-06,-3.535959586475537e-06,3.604153416972183e-06
2.476,-1.4113931825605221e-06,1.4600191300133157e-06,-3.4565508203562955e-06,3.893194899335784e-06
2.48,-7.854351848749586e-07,1.1971495046604572e-06,-2.7634615563884482e-06,3.5516318271343894e-06
2.484,-1.7053962097909405e-08,5.907709737982981e-07,-1.6915446433141428e-06,2.4564517736984528e-06
2.488,7.729218844751401e-07,-3.268580664676866e-07,-6.005209821748328e-07,7.427919869052096e-07
2.492,1.426325116193227e-06,-1.35453776576581e-06,2.0219330940636236e-07,-1.21510072383349e-06
2.496,1.7772959397257595e-06,-2.200456050955195e-06,6.0533171463983e-07,-2.932163574293748e-06
2.5,1.7180830371942502e-06,-2.621292604105737e-06,7.225021478864994e-07,-3.9928298307151695e-06
